window_start_utc,window_end_utc,window_start_ms,window_end_ms,prior_mismatches_in_window
2026-10-05T13:51:38Z,2026-10-05T13:52:38Z,1791208298000,1791208358000,1
2026-10-05T13:53:38Z,2026-10-05T13:54:38Z,1791208418000,1791208478000,1
2026-10-05T14:07:38Z,2026-10-05T14:08:38Z,1791209258000,1791209318000,1
2026-10-05T14:08:38Z,2026-10-05T14:09:38Z,1791209318000,1791209378000,1
2026-10-05T14:18:38Z,2026-10-05T14:19:38Z,1791209918000,1791209978000,1
2026-10-05T14:29:38Z,2026-10-05T14:30:38Z,1791210578000,1791210638000,1
2026-10-05T14:30:38Z,2026-10-05T14:31:38Z,1791210638000,1791210698000,1
2026-10-05T15:37:38Z,2026-10-05T15:38:38Z,1791214658000,1791214718000,1
2026-10-05T15:41:38Z,2026-10-05T15:42:38Z,1791214898000,1791214958000,1
2026-10-05T15:42:38Z,2026-10-05T15:43:38Z,1791214958000,1791215018000,1
2026-10-05T15:44:38Z,2026-10-05T15:45:38Z,1791215078000,1791215138000,1
2026-10-05T16:15:38Z,2026-10-05T16:16:38Z,1791216938000,1791216998000,1
2026-10-05T16:16:38Z,2026-10-05T16:17:38Z,1791216998000,1791217058000,1
2026-10-05T16:22:38Z,2026-10-05T16:23:38Z,1791217358000,1791217418000,1
2026-10-05T16:42:38Z,2026-10-05T16:43:38Z,1791218558000,1791218618000,1
2026-10-05T17:29:38Z,2026-10-05T17:30:38Z,1791221378000,1791221438000,1
2026-10-06T02:28:38Z,2026-10-06T02:29:38Z,1791253718000,1791253778000,1
2026-10-06T03:04:38Z,2026-10-06T03:05:38Z,1791255878000,1791255938000,1
2026-10-06T05:42:38Z,2026-10-06T05:43:38Z,1791265358000,1791265418000,1
2026-10-06T06:08:38Z,2026-10-06T06:09:38Z,1791266918000,1791266978000,1
2026-10-06T08:47:38Z,2026-10-06T08:48:38Z,1791276458000,1791276518000,1
2026-10-06T09:15:38Z,2026-10-06T09:16:38Z,1791278138000,1791278198000,1
2026-10-06T09:20:38Z,2026-10-06T09:21:38Z,1791278438000,1791278498000,1
2026-10-06T09:28:38Z,2026-10-06T09:29:38Z,1791278918000,1791278978000,2
2026-10-06T09:51:38Z,2026-10-06T09:52:38Z,1791280298000,1791280358000,1
2026-10-06T11:31:38Z,2026-10-06T11:32:38Z,1791286298000,1791286358000,1
2026-10-06T11:33:38Z,2026-10-06T11:34:38Z,1791286418000,1791286478000,1
2026-10-06T13:09:38Z,2026-10-06T13:10:38Z,1791292178000,1791292238000,1
